#,name,nation,sex
1,Aditya,Indonesian,Masculine
2,Senin,Indonesian,Masculine
3,Ambar,Indonesian,Feminine
4,Amirah,Indonesian,Feminine
5,Samsul,Indonesian,Masculine
6,Anindya,Indonesian,Unisex
7,Dicky,Indonesian,Masculine
8,Afdhal,Indonesian,Masculine
9,Ratna,Indonesian,Feminine
10,Ariya,Indonesian,Unisex
11,Fahmi,Indonesian,Masculine
12,Firman,Indonesian,Masculine
13,Amir,Indonesian,Masculine
14,Amran,Indonesian,Masculine
15,Maisarah,Indonesian,Feminine
16,Indra,Indonesian,Masculine
17,Damar,Indonesian,Unisex
18,Nirmala,Indonesian,Feminine
19,Akifah,Indonesian,Feminine
20,Anwar,Indonesian,Masculine
21,Mansur,Indonesian,Masculine
22,Daud,Indonesian,Masculine
23,Jefri,Indonesian,Masculine
24,Firdaus,Indonesian,Masculine
25,Samirah,Indonesian,Feminine
26,Muhammat,Indonesian,Masculine
27,Maimun,Indonesian,Masculine
28,Annisa,Indonesian,Feminine
29,Lukman,Indonesian,Masculine
30,Sari,Indonesian,Feminine
31,Sri,Indonesian,Feminine
32,Siti,Indonesian,Feminine
33,Saifuddin,Indonesian,Masculine
34,Agus,Indonesian,Masculine
35,Haniah,Indonesian,Feminine
36,Jannah,Indonesian,Feminine
37,Habibah,Indonesian,Feminine
38,Suryani,Indonesian,Feminine
39,Hapsah,Indonesian,Feminine
40,Aa,Indonesian,Masculine
41,Hamzah,Indonesian,Masculine
42,Jusuf,Indonesian,Masculine
43,Ikrimah,Indonesian,Unisex
44,Azima,Indonesian,Feminine
45,Zahrah,Indonesian,Feminine
46,Jaga,Indonesian,Masculine
47,Muhammad,Indonesian,Masculine
48,Latipah,Indonesian,Feminine
49,Pertiwi,Indonesian,Feminine
50,Rata,Indonesian,Feminine
51,Bethari,Indonesian,Masculine
52,Majidah,Indonesian,Feminine
53,Bulan,Indonesian,Feminine
54,Puspa,Indonesian,Unisex
55,Helmi,Indonesian,Masculine
56,Muhamat,Indonesian,Masculine
57,Rahmi,Indonesian,Feminine
58,Zeva,Indonesian,Feminine
59,Abdurrahim,Indonesian,Masculine
60,Man,Indonesian,Unisex
61,Rafi,Indonesian,Masculine
62,Abdi,Indonesian,Masculine
63,Gusti,Indonesian,Masculine
64,Anugrah,Indonesian,Masculine
65,Livi,Indonesian,Feminine
66,Malikah,Indonesian,Feminine
67,Mardhiah,Indonesian,Feminine
68,Adithya,Indonesian,Masculine
69,Arif,Indonesian,Masculine
70,Andri,Indonesian,Masculine
71,Hilmi,Indonesian,Masculine
72,Raja,Indonesian,Masculine
73,Azizul,Indonesian,Masculine
74,Kamilah,Indonesian,Feminine
75,Banyu,Indonesian,Masculine
76,Hamdan,Indonesian,Masculine
77,Dhana,Indonesian,Unisex
78,Delima,Indonesian,Feminine
79,Ibu,Indonesian,Feminine
80,Juwariyah,Indonesian,Feminine
81,Izzati,Indonesian,Feminine
82,Jaka,Indonesian,Masculine
83,Puspawati,Indonesian,Feminine
84,Harta,Indonesian,Masculine
85,Hamidah,Indonesian,Feminine
86,Awan,Indonesian,Masculine
87,Ilham,Indonesian,Masculine
88,Khansa,Indonesian,Feminine
89,Eha,Indonesian,Feminine
90,Khalifah,Indonesian,Unisex
91,Warda,Indonesian,Feminine
92,Slamet,Indonesian,Masculine
93,Eni,Indonesian,Feminine
94,Lutfiyah,Indonesian,Feminine
95,Iman,Indonesian,Feminine
96,Eti,Indonesian,Feminine
97,Subroto,Indonesian,Masculine
98,Subrata,Indonesian,Masculine
99,Melur,Indonesian,Feminine
100,Karimah,Indonesian,Feminine
101,Sundari,Indonesian,Feminine
102,Iskandar,Indonesian,Masculine
103,Sesar,Indonesian,Masculine
104,Mahendri,Indonesian,Unisex
105,Fairuzah,Indonesian,Feminine
106,Efendi,Indonesian,Masculine
107,Guntur,Indonesian,Masculine
108,Ishak,Indonesian,Masculine
109,Hanifah,Indonesian,Feminine
110,Luqman,Indonesian,Masculine
111,Faridah,Indonesian,Feminine
112,Farihah,Indonesian,Feminine
113,Bambang,Indonesian,Masculine
114,Fatimah,Indonesian,Feminine
115,Budiharto,Indonesian,Masculine
116,Nikson,Indonesian,Masculine
117,Rahman,Indonesian,Masculine
118,Atma,Indonesian,Unisex
119,Jihan,Indonesian,Feminine
120,Bunga,Indonesian,Feminine
120,Ratri,Indonesian,Feminine
121,Alam,Indonesian,Masculine
122,Danial,Indonesian,Masculine
123,Mutya,Indonesian,Feminine
124,Ayu,Indonesian,Feminine
125,Bunga,Indonesian,Feminine
126,Khairul,Indonesian,Masculine
127,Aswin,Indonesian,Masculine
128,Nabilah,Indonesian,Feminine
129,Eka,Indonesian,Feminine
130,Mastura,Indonesian,Feminine
131,Utari,Indonesian,Feminine
132,Ratih,Indonesian,Feminine
133,Bagus,Indonesian,Masculine
134,Nio,Indonesian,Unisex
135,Jihan,Indonesian,Feminine
136,Kartika,Indonesian,Feminine
137,Akbar,Indonesian,Masculine
138,Hakim,Indonesian,Masculine
139,Ismatullah,Indonesian,Masculine
140,Asef,Indonesian,Masculine
141,Tipah,Indonesian,Feminine
142,Cucu,Indonesian,Unisex
143,Surya,Indonesian,Masculine
144,Aminah,Indonesian,Feminine
145,Anindita,Indonesian,Feminine
146,Anisa,Indonesian,Feminine
147,Anisah,Indonesian,Feminine
148,Mahbub,Indonesian,Masculine
149,Dally,Indonesian,Masculine
150,Aviana,Indonesian,Feminine
151,Achmed,Indonesian,Masculine
152,Azizah,Indonesian,Feminine
153,Abdullah,Indonesian,Masculine
154,Cahaya,Indonesian,Feminine
155,Mutia,Indonesian,Feminine
156,Abdurrahman,Indonesian,Masculine
157,Lutfi,Indonesian,Masculine
158,Dian,Indonesian,Feminine
159,Tijah,Indonesian,Feminine
160,Farhanah,Indonesian,Feminine
161,Rustam,Indonesian,Masculine
162,Gede,Indonesian,Masculine
163,Adhitya,Indonesian,Masculine
164,Memet,Indonesian,Masculine
165,Salahuddin,Indonesian,Masculine
166,Halimah,Indonesian,Feminine
167,Suriawati,Indonesian,Feminine
168,Andi,Indonesian,Unisex
169,Salimah,Indonesian,Feminine
170,Ika,Indonesian,Feminine
171,Dewa,Indonesian,Masculine
172,Fadilah,Indonesian,Unisex
173,Seri,Indonesian,Feminine
174,Khalisah,Indonesian,Feminine
175,Sulaiman,Indonesian,Masculine
176,Kirana,Indonesian,Feminine
177,Laksmi,Indonesian,Feminine
178,Hidayat,Indonesian,Masculine
179,Iwan,Indonesian,Masculine
180,Kasim,Indonesian,Masculine
181,Arsal,Indonesian,Unisex
182,Dwi,Indonesian,Masculine
183,Alzena,Indonesian,Feminine
184,Osha,Indonesian,Feminine
185,Nimatullah,Indonesian,Masculine
186,Yonathan,Indonesian,Masculine
187,Ahmad,Indonesian,Masculine
188,Mei,Indonesian,Feminine
189,Faizah,Indonesian,Feminine
190,Ali,Indonesian,Masculine
191,Sherly,Indonesian,Feminine
192,Raffi,Indonesian,Masculine
193,Shiane,Indonesian,Feminine
194,Tut,Indonesian,Unisex
195,Hasan,Indonesian,Masculine
196,Priyo,Indonesian,Masculine
197,Sumitra,Indonesian,Unisex
198,Basri,Indonesian,Masculine
199,Vina,Indonesian,Feminine
200,Chintara,Indonesian,Feminine
201,Bintang,Indonesian,Unisex
202,Fatihah,Indonesian,Feminine
203,Taufik,Indonesian,Masculine
204,Adnan,Indonesian,Masculine
205,Alif,Indonesian,Masculine
206,Tya,Indonesian,Feminine
207,Aji,Indonesian,Masculine
208,Puti,Indonesian,Feminine
209,Adi,Indonesian,Masculine
210,Vinata,Indonesian,Feminine
211,Rina,Indonesian,Feminine
212,Azmi,Indonesian,Masculine
213,Abdul,Indonesian,Masculine
214,Yusuf,Indonesian,Masculine
215,Nur,Indonesian,Feminine
216,Rahmat,Indonesian,Unisex
217,Tri,Indonesian,Feminine
218,Balik,Indonesian,Unisex
219,Jamilah,Indonesian,Feminine
220,Lilin,Indonesian,Feminine
221,Raya,Indonesian,Feminine
222,Aidah,Indonesian,Feminine
223,Nurul,Indonesian,Feminine
224,Masayu,Indonesian,Feminine
225,Mokamad,Indonesian,Masculine
226,Ari,Indonesian,Masculine
227,Bis,Indonesian,Masculine
228,Dewi,Indonesian,Feminine
229,Sukanto,Indonesian,Masculine
230,Fahmy,Indonesian,Masculine
231,Marwan,Indonesian,Masculine
232,Prasetyo,Indonesian,Masculine
233,Shinta,Indonesian,Feminine
234,Dzulkarnaen,Indonesian,Masculine
235,Kusuma,Indonesian,Feminine
236,Elyas,Indonesian,Masculine
237,Zulkifly,Indonesian,Masculine
238,Yuni,Indonesian,Feminine
239,Suwarno,Indonesian,Masculine
240,Mahmud,Indonesian,Masculine
241,Hayati,Indonesian,Feminine
242,Zulkifly,Indonesian,Masculine
243,Japa,Indonesian,Feminine
244,Kasih,Indonesian,Feminine
245,Suwarno,Indonesian,Masculine
246,Syarifah,Indonesian,Feminine
247,Fachri,Indonesian,Masculine
248,Agni,Indonesian,Masculine
249,Asih,Indonesian,Feminine
250,Ayub,Indonesian,Masculine
251,Prijono,Indonesian,Masculine
252,Effendi,Indonesian,Masculine
253,Neneng,Indonesian,Feminine
254,Zulfadli,Indonesian,Masculine
255,Muchlis,Indonesian,Masculine
256,Abdrazak,Indonesian,Masculine
257,Ibrahim,Indonesian,Masculine
258,Candra,Indonesian,Unisex
259,Suriani,Indonesian,Feminine
260,Faishal,Indonesian,Masculine
261,Made,Indonesian,Feminine
262,Liang,Indonesian,Unisex
263,Aini,Indonesian,Feminine
264,Fahmie,Indonesian,Masculine
265,Cahyaningsih,Indonesian,Feminine
266,Naufal,Indonesian,Masculine
267,Zulfahmi,Indonesian,Masculine
268,Setyawan,Indonesian,Masculine
269,Acmad,Indonesian,Masculine
270,Eko,Indonesian,Feminine
271,Setiawati,Indonesian,Feminine
272,Witri,Indonesian,Feminine
273,Laela,Indonesian,Feminine
274,Ngabdurohman,Indonesian,Masculine
275,Syahidah,Indonesian,Feminine
276,Pretty,Indonesian,Feminine
277,Mustapa,Indonesian,Masculine
278,Hary,Indonesian,Masculine
279,Rizqiyaningsih,Indonesian,Feminine
280,Rugayah,Indonesian,Feminine
281,Chotijah,Indonesian,Feminine
282,Achmad,Indonesian,Masculine
283,Zulkipli,Indonesian,Masculine
284,Fauziah,Indonesian,Feminine
285,Saepudin,Indonesian,Masculine
286,Hafiezah,Indonesian,Feminine
287,Syaripah,Indonesian,Feminine
288,Machmud,Indonesian,Masculine
289,Zulkifli,Indonesian,Masculine
290,Kuntum,Indonesian,Feminine
291,Latipa,Indonesian,Feminine
292,Lestari,Indonesian,Feminine
293,Widia,Indonesian,Feminine
294,Nuraisyah,Indonesian,Feminine
295,Syafii,Indonesian,Masculine
296,Fransiskos,Indonesian,Masculine
297,Hakiem,Indonesian,Masculine
298,Audjah,Indonesian,Feminine
299,Fadhila,Indonesian,Feminine
300,Edhie,Indonesian,Masculine
301,Yan,Indonesian,Unisex
302,Maulana,Indonesian,Masculine
303,Skolastika,Indonesian,Feminine
304,Widodo,Indonesian,Masculine
305,Wisnubroto,Indonesian,Masculine
306,Darwis,Indonesian,Masculine
307,Setyaningsih,Indonesian,Feminine
308,Mochamad,Indonesian,Masculine
309,Hafidz,Indonesian,Masculine
310,Megawati,Indonesian,Feminine
311,Latip,Indonesian,Masculine
312,Whisnu,Indonesian,Masculine
313,Rogayah,Indonesian,Feminine
314,Afendy,Indonesian,Masculine
315,Sopiah,Indonesian,Feminine
316,Putra,Indonesian,Masculine
317,Syarif,Indonesian,Masculine
318,Mego,Indonesian,Masculine
319,Mubarok,Indonesian,Masculine
320,Salahudin,Indonesian,Masculine
321,Mahmudi,Indonesian,Masculine
322,Ketut,Indonesian,Masculine
323,Cipta,Indonesian,Unisex
324,Roestam,Indonesian,Masculine
325,Prabowo,Indonesian,Masculine
326,Suhaeli,Indonesian,Masculine
327,Meutia,Indonesian,Feminine
328,Mutiara,Indonesian,Feminine
329,Zulkhairi,Indonesian,Masculine
330,Rasyidah,Indonesian,Feminine
331,Luthfi,Indonesian,Masculine
332,Rasyid,Indonesian,Masculine
333,Ngurah,Indonesian,Masculine
334,Patriot,Indonesian,Masculine
335,Kautsar,Indonesian,Unisex
336,Hasyim,Indonesian,Masculine
337,Fandi,Indonesian,Masculine
338,Lutfiah,Indonesian,Feminine
339,Galih,Indonesian,Unisex
340,Jeumpa,Indonesian,Unisex
341,Mursyid,Indonesian,Masculine
342,Mulyaningsih,Indonesian,Feminine
343,Nimas,Indonesian,Feminine
344,Muhamad,Indonesian,Masculine
345,Mukhlis,Indonesian,Masculine
346,Afandi,Indonesian,Masculine
347,Priskiana,Indonesian,Feminine
348,Wahyudin,Indonesian,Masculine
349,Adityas,Indonesian,Masculine
350,Bagoes,Indonesian,Masculine
351,Gandung,Indonesian,Masculine
352,Azimah,Indonesian,Feminine
353,Kadir,Indonesian,Masculine
354,Noerdin,Indonesian,Masculine
355,Eneng,Indonesian,Feminine
356,Abas,Indonesian,Masculine
357,Yacub,Indonesian,Masculine
358,Rizal,Indonesian,Masculine
359,Jamiluddin,Indonesian,Masculine
360,Meita,Indonesian,Feminine
361,Noerdin,Indonesian,Masculine
362,Tembang,Indonesian,Masculine
363,Jamiluddin,Indonesian,Masculine
364,Fauzi,Indonesian,Masculine
365,Mustofa,Indonesian,Masculine
366,Rizal,Indonesian,Masculine
367,Encep,Indonesian,Masculine
368,Yacub,Indonesian,Masculine
369,Syamsiah,Indonesian,Feminine
370,Purnomo,Indonesian,Masculine
371,Saifannur,Indonesian,Masculine
372,Kadir,Indonesian,Masculine
373,Abas,Indonesian,Masculine
374,Zulkarnain,Indonesian,Masculine
375,Jamaludin,Indonesian,Masculine
376,Baskoro,Indonesian,Masculine
377,Syamsudin,Indonesian,Masculine
378,Darma,Indonesian,Masculine
379,Humaidah,Indonesian,Feminine
380,Zul,Indonesian,Masculine
381,Komarudin,Indonesian,Masculine
382,Sudarto,Indonesian,Masculine
383,Fadhilah,Indonesian,Unisex
384,Wachid,Indonesian,Masculine
385,Bagja,Indonesian,Masculine
386,Luthfiah,Indonesian,Feminine
387,Misbah,Indonesian,Unisex
388,Rexy,Indonesian,Masculine
389,Soekarno,Indonesian,Masculine
390,Ratnasari,Indonesian,Feminine
391,Yakobus,Indonesian,Masculine
392,Teguh,Indonesian,Masculine
393,Junaedi,Indonesian,Masculine
394,Waty,Indonesian,Feminine
395,Wilsa,Indonesian,Feminine
396,Zaenab,Indonesian,Feminine
397,Zubaidah,Indonesian,Feminine
398,Hisyam,Indonesian,Masculine
399,Hitler,Indonesian,Masculine
400,Ibrohim,Indonesian,Masculine
401,Dumadi,Indonesian,Masculine
402,Hanafi,Indonesian,Masculine
403,Muhyiddin,Indonesian,Masculine
404,Cinta,Indonesian,Feminine
405,Fergina,Indonesian,Feminine
406,Mulyono,Indonesian,Masculine
407,Yudhoyono,Indonesian,Masculine
408,Ependi,Indonesian,Masculine
409,Khodijah,Indonesian,Feminine
410,Masudah,Indonesian,Feminine
411,Suryawan,Indonesian,Masculine
412,Munawar,Indonesian,Unisex
413,Nurma,Indonesian,Feminine
414,Qalbinur,Indonesian,Unisex
415,Rinawati,Indonesian,Feminine
416,Yudo,Indonesian,Masculine
417,Febriyanto,Indonesian,Masculine
418,Jesie,Indonesian,Unisex
419,Priyono,Indonesian,Masculine
420,Suryanti,Indonesian,Feminine
421,Sukarno,Indonesian,Masculine
422,Muchtar,Indonesian,Masculine
423,Supriyadi,Indonesian,Masculine
424,Wardah,Indonesian,Feminine
425,Budhy,Indonesian,Masculine
426,Memed,Indonesian,Masculine
427,Ramli,Indonesian,Masculine
428,Moammar,Indonesian,Masculine
429,Kamaludin,Indonesian,Masculine
430,Meuligoe,Indonesian,Unisex
431,Dilla,Indonesian,Feminine
432,Nikodemus,Indonesian,Masculine
433,Fitriyana,Indonesian,Feminine
434,Xaverius,Indonesian,Masculine
435,Hamdiyah,Indonesian,Feminine
436,Muchammad,Indonesian,Masculine
437,Solih,Indonesian,Masculine
438,Indah,Indonesian,Feminine
439,Jelita,Indonesian,Feminine
440,Lusilla,Indonesian,Feminine
441,Masidah,Indonesian,Feminine
442,Widiyanto,Indonesian,Masculine
443,Meulu,Indonesian,Feminine
444,Nadha,Indonesian,Feminine
445,Khairuddin,Indonesian,Masculine
446,Sophian,Indonesian,Masculine
447,Wibawa,Indonesian,Masculine
448,Basyir,Indonesian,Masculine
449,Yulitta,Indonesian,Feminine
450,Afrizal,Indonesian,Masculine
451,Saifanur,Indonesian,Masculine
452,Aqnes,Indonesian,Feminine
453,Cindua,Indonesian,Masculine
454,Hamengkubuwono,Indonesian,Masculine
455,Wisnu,Indonesian,Masculine
456,Chodijah,Indonesian,Feminine
457,Taufiq,Indonesian,Masculine
458,Jahja,Indonesian,Masculine
459,Marwilis,Indonesian,Unisex
460,Muhtadi,Indonesian,Masculine
461,Nafizah,Indonesian,Feminine
462,Dzulqarnain,Indonesian,Masculine
463,Budiman,Indonesian,Masculine
464,Deks,Indonesian,Masculine
465,Yatno,Indonesian,Masculine
466,Patimah,Indonesian,Feminine
467,Raihanah,Indonesian,Feminine
468,Vidia,Indonesian,Feminine
469,Kamaruddin,Indonesian,Masculine
470,Febrianti,Indonesian,Feminine
471,Ferisca,Indonesian,Feminine
472,Memoir,Indonesian,Unisex
473,Maizah,Indonesian,Feminine
474,Bonifasius,Indonesian,Masculine
475,Putry,Indonesian,Feminine
476,Zulkarnaen,Indonesian,Masculine
477,Setyawati,Indonesian,Feminine
478,Marzuki,Indonesian,Masculine
479,Akhmat,Indonesian,Masculine
480,Nimah,Indonesian,Feminine
481,Mukhammad,Indonesian,Masculine
482,Syahid,Indonesian,Masculine
483,Putry,Indonesian,Feminine
484,Mulyadi,Indonesian,Masculine
485,Memoir,Indonesian,Unisex
486,Setyawati,Indonesian,Feminine
487,Zulkarnaen,Indonesian,Masculine
488,Hanung,Indonesian,Masculine
489,Akhmat,Indonesian,Masculine
490,Bonifasius,Indonesian,Masculine
491,Gunawan,Indonesian,Masculine
492,Aprilia,Indonesian,Feminine
493,Candraningsih,Indonesian,Feminine
494,Evanova,Indonesian,Feminine
495,Gracella,Indonesian,Feminine
496,Hartinah,Indonesian,Feminine
497,Khrisna,Indonesian,Masculine
498,Irawati,Indonesian,Feminine
499,Faesal,Indonesian,Masculine
500,Wira,Indonesian,Masculine
501,Ridhwan,Indonesian,Masculine
502,Hartono,Indonesian,Masculine
503,Mahfudzah,Indonesian,Feminine
504,Galuh,Indonesian,Unisex
505,Zulfikri,Indonesian,Masculine
506,Zamzam,Indonesian,Unisex
507,Nurhaliza,Indonesian,Feminine
508,Raniah,Indonesian,Feminine
509,Shwita,Indonesian,Feminine
510,Yosha,Indonesian,Feminine
511,Zalma,Indonesian,Feminine
512,Ardi,Indonesian,Masculine
513,Mulyana,Indonesian,Masculine
514,Budianto,Indonesian,Masculine
515,Budiarto,Indonesian,Masculine
516,Chrismansyah,Indonesian,Masculine
517,Mansyur,Indonesian,Masculine
518,Fendy,Indonesian,Masculine
519,Nanang,Indonesian,Masculine
520,Chairunisa,Indonesian,Feminine
521,Kuwat,Indonesian,Masculine
522,Fadiyah,Indonesian,Feminine
523,Fachry,Indonesian,Masculine
524,Ujang,Indonesian,Masculine
525,Indera,Indonesian,Masculine
526,Goenawan,Indonesian,Masculine
527,Junita,Indonesian,Feminine
528,Tana,Indonesian,Masculine
529,Lailati,Indonesian,Feminine
530,Meilisa,Indonesian,Feminine
531,Rivina,Indonesian,Feminine
532,Saidah,Indonesian,Feminine
533,Sitie,Indonesian,Feminine
534,Susila,Indonesian,Masculine
535,Wulan,Indonesian,Feminine
536,Edhi,Indonesian,Masculine
537,Subekti,Indonesian,Masculine
538,Rachman,Indonesian,Masculine
539,Arief,Indonesian,Masculine
540,Aryo,Indonesian,Masculine
541,Binti,Indonesian,Feminine
542,Chairunnisa,Indonesian,Feminine
543,Hafiza,Indonesian,Feminine
544,Hasibah,Indonesian,Feminine
545,Irawaty,Indonesian,Feminine
546,Syukri,Indonesian,Masculine
547,Keumalahayati,Indonesian,Feminine
548,Meilanie,Indonesian,Feminine
549,Nadimah,Indonesian,Feminine
550,Nasirah,Indonesian,Feminine
551,Novan,Indonesian,Masculine
552,Paridah,Indonesian,Feminine
553,Prinia,Indonesian,Feminine
554,Rochani,Indonesian,Feminine
555,Zulhelmi,Indonesian,Masculine
556,Fadlan,Indonesian,Masculine
557,Gugum,Indonesian,Masculine
558,Asep,Indonesian,Masculine
559,Muchamad,Indonesian,Masculine
560,Budiono,Indonesian,Masculine
561,Catur,Indonesian,Masculine
562,Ceceng,Indonesian,Masculine
563,Syahnaz,Indonesian,Unisex
564,Rivin,Indonesian,Masculine
565,Marno,Indonesian,Masculine
566,Erviana,Indonesian,Feminine
567,Fitrianah,Indonesian,Feminine
568,Setiawan,Indonesian,Masculine
569,Khaerunisa,Indonesian,Feminine
570,Maulina,Indonesian,Feminine
571,Rezki,Indonesian,Unisex
572,Nurjannah,Indonesian,Feminine
573,Suharto,Indonesian,Masculine
574,Purnama,Indonesian,Feminine
575,Rahmah,Indonesian,Feminine
576,Rikan,Indonesian,Feminine
577,Suryawati,Indonesian,Feminine
578,Sustri,Indonesian,Feminine
579,Tiyana,Indonesian,Feminine
580,Wiranto,Indonesian,Masculine
581,Akmad,Indonesian,Masculine
582,Arsyad,Indonesian,Masculine
583,Azan,Indonesian,Masculine
584,Cahyadi,Indonesian,Masculine
585,Doni,Indonesian,Masculine
586,Andini,Indonesian,Feminine
587,Ratu,Indonesian,Feminine
588,Ratnacandra,Indonesian,Unisex
589,Ipa,Indonesian,Feminine
590,Kamaruzzaman,Indonesian,Masculine
591,Marlika,Indonesian,Feminine
592,Sutrisno,Indonesian,Masculine
593,Pratiwi,Indonesian,Feminine
594,Sadiah,Indonesian,Feminine
595,Saniah,Indonesian,Feminine
596,Suryaningsih,Indonesian,Feminine
597,Titik,Indonesian,Feminine
598,Wahidah,Indonesian,Feminine
599,Wayan,Indonesian,Feminine
600,Wayan,Indonesian,Feminine
601,Chaidar,Indonesian,Masculine
602,Dahlan,Indonesian,Masculine
603,Hermawan,Indonesian,Masculine
604,Ratnacandra,Indonesian,Unisex
605,Kamaruzzaman,Indonesian,Masculine
606,Tirto,Indonesian,Masculine
607,Batari,Indonesian,Feminine
608,Riwin,Indonesian,Masculine
609,Iis,Indonesian,Feminine
610,Larasati,Indonesian,Feminine
611,Liliyana,Indonesian,Feminine
612,Mawar,Indonesian,Feminine
613,Najibah,Indonesian,Feminine
614,Nuraeni,Indonesian,Feminine
615,Dhien,Indonesian,Unisex
616,Puspita,Indonesian,Feminine
617,Zefanya,Indonesian,Masculine
618,Septuagesima,Indonesian,Feminine
619,Sitti,Indonesian,Feminine
620,Theressia,Indonesian,Feminine
621,Utami,Indonesian,Feminine
622,Airlangga,Indonesian,Masculine
623,Chairudin,Indonesian,Masculine
624,Hendra,Indonesian,Masculine
625,Rizki,Indonesian,Unisex
626,Chaerunisa,Indonesian,Feminine
627,Wirawan,Indonesian,Masculine
628,Fakhriah,Indonesian,Feminine
629,Suryana,Indonesian,Unisex
630,Sofyan,Indonesian,Masculine
631,Husnah,Indonesian,Feminine
632,Inten,Indonesian,Feminine
633,Maimunah,Indonesian,Feminine
634,Matheas,Indonesian,Masculine
635,Muliana,Indonesian,Unisex
636,Nurfaizah,Indonesian,Feminine
637,Ribka,Indonesian,Feminine
638,Friza,Indonesian,Unisex
639,Shofiyah,Indonesian,Feminine
640,Satrio,Indonesian,Masculine
641,Mochtar,Indonesian,Masculine
642,Adenan,Indonesian,Masculine
643,Azis,Indonesian,Masculine
644,Bayu,Indonesian,Masculine
645,Erwian,Indonesian,Masculine
646,Ikramullah,Indonesian,Masculine
647,Khabib,Indonesian,Masculine
648,Bentang,Indonesian,Unisex
649,Feriska,Indonesian,Feminine
650,Hamimah,Indonesian,Feminine
651,Waqid,Indonesian,Masculine
652,Komariah,Indonesian,Feminine
653,Melati,Indonesian,Feminine
654,Muzaimah,Indonesian,Feminine
655,Nurhasanah,Indonesian,Feminine
656,Tirta,Indonesian,Feminine
657,Zaituni,Indonesian,Feminine
658,Muammar,Indonesian,Masculine
659,Cahyono,Indonesian,Masculine
660,Chalid,Indonesian,Masculine
661,Haries,Indonesian,Masculine
662,Kurniawan,Indonesian,Masculine
663,Maliki,Indonesian,Masculine
664,Hafidzah,Indonesian,Feminine
665,Zidane,Indonesian,Masculine
666,Khairina,Indonesian,Feminine
667,Endang,Indonesian,Unisex
668,Mega,Indonesian,Masculine
669,Noorhayati,Indonesian,Feminine
670,Nugraha,Indonesian,Masculine
671,Shofiah,Indonesian,Feminine
672,Wahyuningsih,Indonesian,Feminine
673,Wangi,Indonesian,Feminine
674,Susilo,Indonesian,Masculine
675,Zakiyah,Indonesian,Feminine
676,Abdurachman,Indonesian,Masculine
677,Abdurrasyid,Indonesian,Masculine
678,Agung,Indonesian,Masculine
679,Redha,Indonesian,Masculine
680,Chairul,Indonesian,Masculine
681,Anies,Indonesian,Unisex
682,Effendie,Indonesian,Masculine
683,Haedar,Indonesian,Masculine
684,Harjo,Indonesian,Masculine
685,Harto,Indonesian,Masculine
686,Zulhadi,Indonesian,Masculine
687,Dewiana,Indonesian,Feminine
688,Fira,Indonesian,Feminine
689,Soerianto,Indonesian,Masculine
690,Indrawati,Indonesian,Feminine
691,Kalsum,Indonesian,Feminine
692,Kamelia,Indonesian,Feminine
693,Khairunnisa,Indonesian,Feminine
694,Surianto,Indonesian,Masculine
695,Meiliani,Indonesian,Feminine
696,Nuraida,Indonesian,Feminine
697,Nyoman,Indonesian,Feminine
698,Shafa,Indonesian,Feminine
699,Amat,Indonesian,Masculine
700,Ardy,Indonesian,Masculine
701,Basuki,Indonesian,Masculine
702,Suriana,Indonesian,Unisex
703,Fitri,Indonesian,Unisex
704,Jumadi,Indonesian,Masculine
705,Buleuen,Indonesian,Feminine
706,Citra,Indonesian,Feminine
707,Fachriah,Indonesian,Feminine
708,Fatmawati,Indonesian,Feminine
709,Nurmala,Indonesian,Feminine
710,Rahmawati,Indonesian,Feminine
711,Rennya,Indonesian,Feminine
712,Wandi,Indonesian,Feminine
713,Yovita,Indonesian,Feminine
714,Akat,Indonesian,Masculine
715,Amier,Indonesian,Masculine
716,Anes,Indonesian,Masculine
717,Supriyono,Indonesian,Masculine
718,Timotius,Indonesian,Masculine
719,Hawari,Indonesian,Masculine
720,Suhaili,Indonesian,Unisex
721,Wulandari,Indonesian,Feminine
722,Halida,Indonesian,Feminine
723,Mahadewi,Indonesian,Feminine
724,Muthia,Indonesian,Feminine
725,Pitaloka,Indonesian,Feminine
726,Salmah,Indonesian,Feminine
727,Respati,Indonesian,Unisex
728,Abdrahman,Indonesian,Masculine
729,Yudas,Indonesian,Masculine
730,Buana,Indonesian,Masculine
731,Januri,Indonesian,Masculine
732,Murni,Indonesian,Unisex
733,Kawasa,Indonesian,Masculine
734,Krisna,Indonesian,Masculine
735,Krisno,Indonesian,Masculine
736,Kuat,Indonesian,Masculine
737,Mahfudz,Indonesian,Masculine
738,Mamat,Indonesian,Masculine
739,Muin,Indonesian,Masculine
740,Rasyad,Indonesian,Masculine
741,Robiy,Indonesian,Masculine
742,Yoyakim,Indonesian,Masculine
743,Rindu,Indonesian,Feminine
744,Alimah,Indonesian,Feminine
745,Fakhriyah,Indonesian,Feminine
746,Kurnia,Indonesian,Unisex
747,Hafisah,Indonesian,Feminine
748,Hasanah,Indonesian,Feminine
749,Husniyah,Indonesian,Feminine
750,Ismie,Indonesian,Feminine
751,Kierana,Indonesian,Feminine
752,Masturah,Indonesian,Feminine
753,Luky,Indonesian,Unisex
754,Nuraini,Indonesian,Feminine
755,Rizka,Indonesian,Feminine
756,Supian,Indonesian,Masculine
757,Ningsih,Indonesian,Unisex
758,Tsarina,Indonesian,Feminine
759,Zulaicha,Indonesian,Feminine
760,Zuraida,Indonesian,Feminine
761,Rizky,Indonesian,Unisex
762,Aceng,Indonesian,Masculine
763,Afendi,Indonesian,Masculine
764,Isnin,Indonesian,Masculine
765,Laksono,Indonesian,Masculine
766,Ceudah,Indonesian,Feminine
767,Chaerunnisa,Indonesian,Feminine
768,Cut,Indonesian,Feminine
769,Deasy,Indonesian,Feminine
770,Deuis,Indonesian,Feminine
771,Hadiah,Indonesian,Feminine
772,Nurhidayah,Indonesian,Feminine
773,Rafiana,Indonesian,Feminine
774,Tousa,Indonesian,Feminine
775,Agoeng,Indonesian,Masculine
776,Amien,Indonesian,Masculine
777,Andhika,Indonesian,Masculine
778,Angkasa,Indonesian,Masculine
779,Darmawan,Indonesian,Masculine
780,Marce,Indonesian,Unisex
781,Durahman,Indonesian,Masculine
782,Jadid,Indonesian,Masculine
783,Khakim,Indonesian,Masculine
784,Ridho,Indonesian,Masculine
785,Candrawati,Indonesian,Feminine
786,Hafizah,Indonesian,Feminine
787,Kadek,Indonesian,Feminine
788,Sugeng,Indonesian,Masculine
789,Khairunisa,Indonesian,Feminine
790,Nurhayati,Indonesian,Feminine
791,Raudhah,Indonesian,Feminine
792,Saripa,Indonesian,Feminine
793,Adityo,Indonesian,Masculine
794,Argo,Indonesian,Masculine
795,Wibowo,Indonesian,Masculine
796,Lesmana,Indonesian,Masculine
797,Lingga,Indonesian,Masculine
798,Raharjo,Indonesian,Masculine
799,Riduan,Indonesian,Masculine
800,Chadijah,Indonesian,Feminine
801,Dillah,Indonesian,Feminine
802,Erwiana,Indonesian,Feminine
803,Luthfiyah,Indonesian,Feminine
804,Meurah,Indonesian,Unisex
805,Susilawati,Indonesian,Feminine
806,Yeremia,Indonesian,Masculine
807,Soleh,Indonesian,Masculine
808,Abdulazis,Indonesian,Masculine
809,Bachtiar,Indonesian,Masculine
810,Husin,Indonesian,Masculine
811,Izzak,Indonesian,Masculine
812,Muslimin,Indonesian,Masculine
813,Atanasia,Indonesian,Feminine
814,Dellia,Indonesian,Feminine
815,Fitriani,Indonesian,Feminine
816,Khairiyah,Indonesian,Feminine
817,Sakinah,Indonesian,Feminine
818,Samiyah,Indonesian,Feminine
819,Ahdi,Indonesian,Masculine
820,Noer,Indonesian,Unisex
821,Arifin,Indonesian,Masculine
822,Sulaeman,Indonesian,Masculine
823,Erlangga,Indonesian,Masculine
824,Kasep,Indonesian,Masculine
825,Gemi,Indonesian,Unisex
826,Anestasia,Indonesian,Feminine
827,Annisah,Indonesian,Feminine
828,Bernardia,Indonesian,Feminine
829,Nulia,Indonesian,Feminine
830,Rawiyah,Indonesian,Feminine
831,Retifa,Indonesian,Feminine
832,Zahirah,Indonesian,Feminine
833,Agoes,Indonesian,Masculine
834,Alie,Indonesian,Masculine
835,Maman,Indonesian,Masculine
836,Nugroho,Indonesian,Masculine
837,Yunita,Indonesian,Feminine
838,Aditia,Indonesian,Masculine
839,Nurdin,Indonesian,Masculine
840,Yunita,Indonesian,Feminine
841,Aditia,Indonesian,Masculine
842,Budi,Indonesian,Masculine
843,Fandy,Indonesian,Masculine
844,Nurdin,Indonesian,Masculine
845,Pamungkas,Indonesian,Masculine
846,Suryo,Indonesian,Masculine
847,Yohanes,Indonesian,Masculine
848,Apfia,Indonesian,Feminine
849,Bahirah,Indonesian,Feminine
850,Bellia,Indonesian,Feminine
851,Rafiqah,Indonesian,Feminine
852,Raudha,Indonesian,Feminine
853,Sariwati,Indonesian,Feminine
854,Aminullah,Indonesian,Masculine
855,Budhi,Indonesian,Masculine
856,Malikussaleh,Indonesian,Masculine
857,Sakti,Indonesian,Masculine
858,Atiyah,Indonesian,Feminine
859,Hawariah,Indonesian,Feminine
860,Hayu,Indonesian,Feminine
861,Meilina,Indonesian,Feminine
862,Nafisah,Indonesian,Feminine
863,Novita,Indonesian,Feminine
864,Putu,Indonesian,Feminine
865,Sylviana,Indonesian,Feminine
866,Darmo,Indonesian,Masculine
867,Hidayatullah,Indonesian,Masculine
868,Joesoef,Indonesian,Masculine
869,Ikhlas,Indonesian,Unisex
870,Yesaya,Indonesian,Masculine
871,Yosua,Indonesian,Masculine
872,Asiyah,Indonesian,Feminine
873,Falya,Indonesian,Feminine
874,Khaerunnisa,Indonesian,Feminine
875,Khairia,Indonesian,Feminine
876,Putroe,Indonesian,Feminine
877,Widyaningsih,Indonesian,Feminine
878,Abdillah,Indonesian,Masculine
879,Aisyah,Indonesian,Feminine
880,Darmawati,Indonesian,Feminine
881,Dilah,Indonesian,Feminine
882,Frisa,Indonesian,Feminine
883,Gracelia,Indonesian,Feminine
884,Mardiah,Indonesian,Feminine
885,Nengah,Indonesian,Unisex
886,Syakira,Indonesian,Feminine
887,Boentoro,Indonesian,Masculine
888,Effendy,Indonesian,Masculine
889,Muhaimin,Indonesian,Masculine
890,Panca,Indonesian,Masculine
891,Lenita,Indonesian,Feminine
892,Shafiyah,Indonesian,Feminine
893,Aziem,Indonesian,Masculine
894,Estomihi,Indonesian,Masculine
895,Zaitun,Indonesian,Unisex
896,Kusumo,Indonesian,Masculine
897,Mahfud,Indonesian,Masculine
898,Taib,Indonesian,Masculine
899,Abrama,Indonesian,Unisex
900,Angka,Indonesian,Feminine
901,Desiyanti,Indonesian,Feminine
902,Fitriana,Indonesian,Feminine
903,Hamdiah,Indonesian,Feminine
904,Keumala,Indonesian,Feminine
905,Chairuddin,Indonesian,Masculine
906,Guruh,Indonesian,Masculine
907,Noldi,Indonesian,Masculine
908,Yuda,Indonesian,Masculine
909,Atirah,Indonesian,Feminine
910,Divanya,Indonesian,Feminine
911,Wati,Indonesian,Feminine
912,Fajar,Indonesian,Masculine
913,Junaidi,Indonesian,Masculine
914,Komar,Indonesian,Masculine
915,Zikri,Indonesian,Masculine
916,Cahya,Indonesian,Feminine
917,Humairah,Indonesian,Feminine
918,Sinta,Indonesian,Feminine
919,Rezky,Indonesian,Unisex
920,Nurmalita,Indonesian,Feminine
921,Afdal,Indonesian,Masculine
922,Atiah,Indonesian,Feminine
923,Luh,Indonesian,Feminine
924,Norjannah,Indonesian,Feminine
925,Prisia,Indonesian,Feminine
926,Yunia,Indonesian,Feminine
927,Batman,Indonesian,Masculine
928,Rarung,Indonesian,Unisex
929,Putri,Indonesian,Feminine
930,Priyanto,Indonesian,Masculine
931,Saepuloh,Indonesian,Masculine
932,Teuku,Indonesian,Masculine
933,Eufrasia,Indonesian,Feminine
934,Merdeka,Indonesian,Unisex
935,Maemunah,Indonesian,Feminine
936,Nanik,Indonesian,Feminine
937,Zuraidah,Indonesian,Feminine
938,Zhali,Indonesian,Masculine
939,Meiliana,Indonesian,Feminine
940,Muslim,Indonesian,Masculine
941,Waliyuddin,Indonesian,Masculine
942,Amsal,Indonesian,Unisex
943,Saudah,Indonesian,Feminine
944,Suparman,Indonesian,Masculine
945,Wahyu,Indonesian,Masculine
946,Aisy,Indonesian,Unisex
947,Lintang,Indonesian,Unisex
948,Nedia,Indonesian,Feminine
949,Zulaikha,Indonesian,Feminine
950,Aladin,Indonesian,Masculine
951,Faizal,Indonesian,Masculine
952,Ichsan,Indonesian,Masculine
953,Rohim,Indonesian,Masculine
954,Fitria,Indonesian,Feminine
955,Intan,Indonesian,Feminine
956,Lusianna,Indonesian,Feminine
957,Ayin,Indonesian,Feminine
958,Andar,Indonesian,Masculine
959,Wawan,Indonesian,Masculine
